{"stats":{"minecraft:mined":{"minecraft:cherry_leaves":11},"minecraft:picked_up":{"minecraft:stick":1},"minecraft:killed_by":{"minecraft:zombie":1},"minecraft:custom":{"minecraft:jump":26,"minecraft:time_since_rest":720,"minecraft:walk_on_water_one_cm":1245,"minecraft:play_time":4484,"minecraft:damage_taken":288,"minecraft:leave_game":7,"minecraft:sprint_one_cm":1103,"minecraft:walk_one_cm":3644,"minecraft:time_since_death":451,"minecraft:deaths":1,"minecraft:total_world_time":4484,"minecraft:fall_one_cm":1042,"minecraft:fly_one_cm":1705}},"DataVersion":3953}