{"stats":{"minecraft:mined":{"minecraft:cherry_leaves":11},"minecraft:picked_up":{"minecraft:stick":1},"minecraft:killed_by":{"minecraft:zombie":1},"minecraft:custom":{"minecraft:jump":26,"minecraft:time_since_rest":4,"minecraft:deaths":1,"minecraft:walk_on_water_one_cm":1245,"minecraft:sprint_one_cm":1103,"minecraft:leave_game":6,"minecraft:play_time":3768,"minecraft:damage_taken":288,"minecraft:time_since_death":0,"minecraft:walk_one_cm":3644,"minecraft:total_world_time":3768,"minecraft:fall_one_cm":1042,"minecraft:fly_one_cm":1705}},"DataVersion":3953}